MyRacket.x,MyRacket.y,MyRacket.z,OpponentRacket.x,OpponentRacket.y,OpponentRacket.z,Ball.x,Ball.y,Ball.z,Step0,Step1,Step2,Reward
0,2,15,0,2,-15,0,2.703177,-2.06,2.222486,0.2365804,-1.523872,0.002008352
0,2,15,0,2,-15,0,1.513736,-2.06,1.952338,0.2609908,-1.548848,0.001477969
0,2,15,0,2,-15,0,0.2579559,-2.06,,,,0.58806
0.27728,2,15,0.1988271,2,-15,0.27728,0.9538711,-7.109935,-2.554249,0.8246819,0.01841413,0.00304568
0.3966648,2,15,0.1988271,2,-15,0.3966648,1.846315,4.135811,4.22599,-0.1768171,-2.563487,0.003971961
0.4780578,1.091729,13.13011,0.1988271,2,-15,0.4894704,0.8405748,12.87786,,,,0.003932241
0.4780578,1.091729,13.13011,0.1988271,2,-15,0.4894704,0.8405748,12.87786,,,,0.1465642
0.4536117,1.159858,13.27036,1.28406,2,-15,1.28406,1.590435,10.31878,3.985565,-0.2682602,-2.866373,0.00171368
0.4536117,1.159858,13.27036,4.760391,2,-15,4.760391,1.918262,-0.8772141,-6.124944,0.9732412,-0.2555563,0.009618083
2.453611,1.159858,13.27036,7.351609,1.29529,-10.95729,7.457464,1.663464,-9.338969,-7.35721,1.174458,0.8152854,0.009503749
5.353273,1.159858,13.27036,4.871497,1.54671,-12.39959,5.353273,1.673167,-0.9454799,-6.585801,1.032013,0.03337284,0.009436194
5.172654,1.159858,13.27036,4.460815,1.658452,-13.04061,4.471257,0.3603654,-2.519222,,,,0.5648882
-0.2793514,2,15,1.026221,2,-15,1.026221,0.5458057,8.395164,4.091284,-0.238232,-2.790046,0.002193747
-0.2793514,2,15,3.499937,2,-15,3.499937,1.958171,-3.171891,-5.797434,1.002928,-0.1240924,0.009597615
1.720648,2,15,5.171484,1.110976,-13.10388,5.055381,1.597631,-11.37478,-7.24361,1.178569,0.8568101,0.009647679
1.56729,2,15,2.519333,1.587594,-14.12043,1.56729,4.438586,-1.757932,-4.300109,0.8470482,-0.4925709,0.008844156
-1.920801,2,15,1.856295,1.706749,-14.37456,-1.920801,2.194038,7.858917,5.989103,-0.4835126,-2.727745,0.001272037
-3.452128,1.120824,13.21559,1.856295,1.706749,-14.37456,-3.772209,1.003685,12.96335,,,,0.001259317
-3.452128,1.120824,13.21559,1.856295,1.706749,-14.37456,-3.772209,1.003685,12.96335,,,,0.1437175
-2.663162,1.403272,13.78886,-0.9889528,1.706749,-14.37456,-0.9889528,2.14751,7.481168,6.719531,-0.5866793,-2.709121,0.006899743
-1.762061,1.632761,14.25464,5.273373,1.706749,-14.37456,5.273373,1.048253,-4.853749,-6.698792,1.106869,0.2775928,0.009460561
4.637939,1.632761,14.25464,6.599763,1.28576,-11.6792,5.411698,3.479083,-7.594905,-7.264719,1.15121,0.7307121,0.009307864
-0.2991173,1.632761,14.25464,4.074007,1.576739,-13.03209,-0.2991173,4.31811,-1.283693,-3.647585,0.7473266,-0.4930868,0.009099802
-5.851298,1.632761,14.25464,1.828889,1.835387,-14.23467,-6.009932,0.4112957,5.027517,6.766156,-0.6080673,-2.571405,0.001259187
-7.828872,1.993589,8.217183,1.828889,1.835387,-14.23467,-8.667915,2.391404,7.964944,,,,0.001259187
-7.828872,1.993589,8.217183,1.828889,1.835387,-14.23467,-8.667915,2.391404,7.964944,,,,0.137991
-7.080065,1.994529,9.212486,-1.04784,1.835387,-14.23467,-1.040669,1.933953,-0.04636878,6.323934,-0.4637627,-2.249616,0.006719053
-4.963845,1.996261,11.04594,10.5591,1.106454,-11.8716,13.00952,1.527462,-14.80405,-7.388664,1.149846,0.9361107,0.009043585
-2.787161,1.998042,12.93178,24.93416,0.7375463,-12.63446,27.46114,0.6080112,-29.98338,-7.423949,1.122137,1.062599,0.009043821
-1.638355,1.998981,13.92708,39.30922,0.3686396,-13.39732,41.91281,-5.396943,-45.16277,-7.402038,1.090507,1.120635,0.009043821
-1.638355,1.998981,13.92708,46.09745,0.1944336,-13.75757,48.47102,-9.8,-52.05122,,,,0.8953384
-0.4485501,2,15,-0.0565404,2,-15,-0.0565404,0.4339794,8.716471,5.685038,-0.4185647,-2.817305,0.004972651
-0.4485501,2,15,0.7274793,2,-15,0.7274793,1.987609,-2.850584,-0.4673977,0.5349999,-1.028673,9.23096E-05
0.3514498,2,15,1.33233,1.290343,-13.59183,1.335714,1.267493,-12.81158,-6.016017,1.103516,1.110458,0.007622109
-0.3757649,2,15,1.283098,1.318721,-13.64814,-0.3757649,4.8436,-5.334554,-1.392754,0.6749099,-0.1765474,0.001766514
-2.087243,2,15,1.283098,1.318721,-13.64814,-2.087243,3.334206,2.142477,5.551114,-0.338509,-2.364411,0.002017858
-3.51404,1.779314,9.509948,1.283098,1.318721,-13.64814,-3.715493,2.053739,9.255896,6.80818,-0.6458616,-2.662982,0.002059613
-3.703743,2.037732,9.274761,1.283098,1.318721,-13.64814,-3.763034,2.15314,8.654226,,,,0.002059613
-3.703743,2.037732,9.274761,1.283098,1.318721,-13.64814,-3.763034,2.15314,8.654226,,,,0.1436925
-2.182897,2.022236,11.62568,4.324106,1.318721,-13.64814,4.324106,1.254985,-4.299392,-6.351336,1.061862,0.1943163,0.009382558
5.23726,2.00674,13.9766,6.583512,1.141979,-11.64541,5.23726,2.56338,-6.161552,-7.208109,1.137591,0.6389247,0.009307647
-1.356436,1.997443,15.38716,4.070664,1.490662,-13.00864,-1.356436,2.060072,3.553926,1.204826,0.1100606,-2.021737,1.145096E-05
-5.613623,1.338729,11.39363,2.046425,1.771545,-14.1068,-6.505894,1.423357,11.1414,,,,4.698166E-05
-5.613623,1.338729,11.39363,2.046425,1.771545,-14.1068,-6.505894,1.423357,11.1414,,,,0.1374964
-5.611747,1.386069,11.65181,-0.6327798,1.810288,-14.25827,-5.462516,1.892171,9.32753,7.088531,-0.7018582,-2.593041,0.005942155
-3.200491,1.670108,13.20089,0.797757,1.810288,-14.25827,0.797757,1.738517,-1.555669,2.224487,0.1883981,-1.572287,0.0009413856
1.07305,1.843688,14.14754,4.718445,1.284295,-10.50279,5.685857,1.819281,-8.130082,-7.154002,1.167324,0.7211241,0.008873282
6.289779,1.843688,14.14754,2.736701,1.612735,-12.56657,6.289779,1.939187,0.7106653,-5.797291,0.9331206,-0.4081584,0.008386555
6.876925,1.843688,14.14754,1.525633,1.813448,-13.82777,6.876925,1.170148,9.298099,-2.618694,0.4378602,-1.881596,0.005728184
7.063517,0.9689887,12.92666,1.525633,1.813448,-13.82777,7.107774,0.6593543,12.67442,,,,0.005670902
7.063517,0.9689887,12.92666,1.525633,1.813448,-13.82777,7.107774,0.6593543,12.67442,,,,0.1318201
5.435339,1.213101,13.41757,2.768726,1.813448,-13.82777,2.768726,2.328458,6.541121,-2.848954,0.4775688,-1.734985,0.007731417
2.774651,1.601461,14.19857,-4.134309,1.813448,-13.82777,-4.134309,1.06966,-3.2164,5.988642,-0.2820215,-1.954576,0.008632054
-4.137584,1.734613,14.46633,-6.627676,1.401322,-10.01386,-7.955043,3.730541,-6.65747,6.505726,-0.4632698,-1.732589,0.00858898
-7.281547,1.734613,14.46633,-4.385778,1.616838,-11.80882,-7.281547,5.695267,-1.002463,6.968751,-0.6396807,-2.215662,0.008493414
-6.626759,1.734613,14.46633,-2.206156,1.826368,-13.55392,-6.626759,2.72985,4.49546,7.089925,-0.6896625,-2.50434,0.007738412
-6.182797,1.85727,9.07129,-1.645682,1.880247,-14.00266,-6.111831,2.181817,8.819051,,,,0.007124319
-6.182797,1.85727,9.07129,-1.645682,1.880247,-14.00266,-6.111831,2.181817,8.819051,,,,0.1272993
-5.649955,1.867933,9.514184,-3.852847,1.880247,-14.00266,-3.852847,2.392509,5.805162,7.099847,-0.6890627,-2.518989,0.008252293
-3.629248,1.914579,11.45185,6.030206,1.880247,-14.00266,6.030206,0.3614775,-7.380599,-6.966873,1.137943,0.5713184,0.008408941
-1.60854,1.961226,13.38951,17.41772,0.4620625,-10.01485,15.91327,1.727934,-20.56635,-7.451947,1.131793,1.01451,0.008345139
-1.377601,1.966557,13.61095,31.65806,-0.548905,-8.130664,26.07872,-1.633237,-34.12883,-7.429605,1.081672,1.177434,0.008345139
-1.377601,1.966557,13.61095,45.50284,-1.531789,-6.298797,35.96176,-9.776616,-47.31458,-7.415679,1.046935,1.267586,0.008345139
-1.377601,1.966557,13.61095,45.8984,-1.559871,-6.246458,35.98353,-9.8,-47.34363,,,,0.8261688
-0.3239127,2,15,-0.005913317,2,-15,-0.3239127,1.752321,-3.575556,1.585096,0.34612,-1.191034,0.0008423754
-0.651265,2,15,-0.005913317,2,-15,-0.651265,1.134025,7.67019,5.960719,-0.4515012,-2.775358,0.004875541
-0.7677282,1.039909,12.95386,-0.005913317,2,-15,-0.7977248,0.7987044,12.70162,,,,0.004826786
-0.7677282,1.039909,12.95386,-0.005913317,2,-15,-0.7977248,0.7987044,12.70162,,,,0.1466524
-0.6690745,1.200794,13.29674,1.523253,2,-15,1.523253,2.182919,6.478368,2.976574,-0.1143957,-2.635249,0.000965972
6.130926,1.200794,13.29674,6.656971,1.348731,-11.80154,6.734033,3.831546,-8.049923,-7.310837,1.155689,0.7775504,0.009497582
4.092984,1.200794,13.29674,4.174471,1.607127,-13.07056,4.092984,5.691285,-2.114326,-6.487257,1.030587,0.1130416,0.009362772
1.451943,1.200794,13.29674,1.833822,1.850758,-14.26707,1.451943,2.744126,3.821268,-0.4120429,0.2918723,-2.019912,0.0002197775
-0.2400355,1.636949,8.536972,1.833822,1.850758,-14.26707,-0.5340749,2.024802,8.284733,,,,0.0002175797
-0.2400355,1.636949,8.536972,1.833822,1.850758,-14.26707,-0.5340749,2.024802,8.284733,,,,0.1402851
-0.5073944,1.677303,9.255349,-0.6900545,1.850758,-14.26707,-0.6900545,2.397327,5.727227,6.209773,-0.4873967,-2.67274,0.006148872
-0.403638,1.834232,12.04904,-1.296643,1.850758,-14.26707,-1.296643,0.8245584,-4.218621,3.829126,0.08530702,-1.458365,0.006811949
-1.462705,1.89252,13.08669,-1.241287,1.446531,-10.85437,-1.462705,2.531802,-3.374318,4.796984,-0.07332736,-1.562235,0.006899099
-1.166086,1.89252,13.08669,-0.5963042,1.752446,-13.14574,-1.166086,1.423335,8.833217,6.55094,-0.5644873,-2.749118,0.005848544
-1.079353,1.52887,12.98907,-0.5963042,1.752446,-13.14574,-1.064885,0.4453564,12.99819,,,,0.005790059
-1.079353,1.52887,12.98907,-0.5963042,1.752446,-13.14574,-1.064885,0.4453564,12.99819,,,,0.1353143
-0.9166738,1.597324,13.2652,-0.7023525,1.752446,-13.14574,-0.5815083,0.2949414,11.71399,,,,-0.6438149
1.071406,2,15,0.02940023,2,-15,1.071406,0.653708,-8.073856,-3.971536,0.9577366,0.2929181,0.004384363
2.894915,2,15,0.02940023,2,-15,2.894915,1.958171,3.17189,-0.3021089,0.330035,-2.042197,2.64809E-05
4.268511,1.04515,12.95878,0.02940023,2,-15,4.440965,0.7998963,12.70654,,,,2.621609E-05
4.268511,1.04515,12.95878,0.02940023,2,-15,4.440965,0.7998963,12.70654,,,,0.1460766
4.087235,1.124278,13.12794,1.6294,2,-15,4.019,1.317773,11.25484,-0.06394719,0.1216477,-2.535408,5.612198E-05
1.752612,1.646524,14.24435,1.065253,2,-15,1.065253,2.196111,1.092884,-0.6009795,0.4115933,-1.696235,0.0001939454
1.752612,1.646524,14.24435,-1.301005,1.348041,-10.68386,-1.888496,1.233173,-9.069068,-0.5514293,0.6688365,0.3575958,1.564333E-05
-1.255814,1.646524,14.24435,-1.246979,1.652002,-12.42125,-1.255814,3.283454,-3.672002,4.572187,-0.02659748,-1.510836,0.007141599
-0.3958228,1.646524,14.24435,-0.9489113,1.774042,-13.32561,-0.3958228,0.649641,2.702262,5.499683,-0.316639,-2.534107,0.006745224
0.05550434,1.826307,7.135997,-0.9489113,1.774042,-13.32561,0.168329,2.038017,6.883757,,,,0.006677772
0.05550434,1.826307,7.135997,-0.9489113,1.774042,-13.32561,0.168329,2.038017,6.883757,,,,0.1407742
0.1615552,1.847505,8.095739,1.820703,1.774042,-13.32561,1.820703,2.393217,3.305967,-0.1010552,0.2470968,-2.006251,7.415051E-05
0.1417982,1.90933,10.895,6.640126,1.774042,-13.32561,6.640126,0.2017266,-7.129257,-7.230177,1.161804,0.6286974,0.009308365
5.06792,1.972922,13.77424,6.065695,1.305291,-11.32192,5.06792,3.492956,-4.996603,-7.12601,1.123378,0.5636495,0.009113779
1.202127,2.034748,16.57351,3.729495,1.591746,-12.83854,1.202127,2.557451,1.662077,-3.288256,0.6448479,-1.158126,0.008786161
-1.59674,1.725601,10.83993,1.727043,1.837279,-14.13851,-2.663667,2.012741,8.320756,6.279628,-0.5441977,-2.727745,0.00133523
-2.563495,2.056476,9.420632,1.727043,1.837279,-14.13851,-3.155776,2.29859,9.168393,,,,0.00133523
-2.563495,2.056476,9.420632,1.727043,1.837279,-14.13851,-3.155776,2.29859,9.168393,,,,0.1353072
-1.961536,2.034403,11.60136,4.020421,1.837279,-14.13851,4.020421,1.33804,-3.226658,-5.9687,1.004632,-0.01922188,0.008789909
5.173234,2.018217,13.20056,6.619643,1.302281,-11.92187,6.06054,3.782633,-8.526899,-7.314272,1.158172,0.7826379,0.008763412
0.9077854,2.018217,13.20056,4.12274,1.582381,-13.15761,0.9077854,5.805092,-3.284257,-5.491154,0.9491174,0.1063106,0.00862718
-4.244969,2.018217,13.20056,1.839858,1.838473,-14.28743,-4.244969,3.020653,1.958379,6.32386,-0.4986216,-2.389818,0.00117703
-8.294514,2.14633,7.061368,1.839858,1.838473,-14.28743,-9.012553,2.551075,6.80913,,,,0.001165259
-8.294514,2.14633,7.061368,1.839858,1.838473,-14.28743,-9.012553,2.551075,6.80913,,,,0.1298186
-8.578934,2.144291,7.17199,1.039858,1.838473,-14.28743,-8.179591,2.557021,6.026029,7.004378,-0.7134189,-2.426236,0.002225267
-6.556279,2.108609,9.107856,5.218182,1.838473,-14.28743,6.397244,0.3684021,-7.678239,-6.452701,1.059336,0.5564984,0.008467686
-4.475829,2.071908,11.09902,18.01498,1.278733,-11.66167,21.39056,1.779453,-21.77404,-7.427376,1.128328,1.01664,0.008514578
-2.453175,2.036227,13.03488,32.01437,1.294233,-11.78928,35.9674,-1.72426,-35.47831,-7.402189,1.099984,1.080052,0.008514578
-1.586324,2.020934,13.86454,46.01376,1.309733,-11.91689,50.22261,-9.8,-48.88026,,,,0.8429433
-0.2669796,2,15,-0.2669796,2,-15,-0.2669796,2,14.5,6.326058,-0.554328,-2.832031,0.005602009
-0.2669796,2,15,-0.1973418,2,-15,-0.1973418,1.801363,3.254249,5.127898,-0.2737172,-2.546693,0.00523388
-0.2669796,2,15,-0.1257145,2,-15,-0.1257145,0.9535061,-8.312805,-2.03258,0.796392,0.1893537,0.001469096
-1.030046,2,15,-0.0919356,1.206164,-13.37255,-1.030046,3.075341,-8.601041,-0.6245453,0.6659768,0.2308031,6.661216E-05
-2.663945,2,15,-0.0919356,1.206164,-13.37255,-2.663945,3.140651,-0.8179365,5.873304,-0.3353994,-2.153139,0.004979196
-3.940235,1.592202,11.42767,-0.0919356,1.206164,-13.37255,-4.297845,1.436024,6.965168,6.945256,-0.6516115,-2.625632,0.004991314
-4.405382,1.813723,8.748767,-0.0919356,1.206164,-13.37255,-4.619322,2.028339,8.496528,,,,0.004991314
-4.405382,1.813723,8.748767,-0.0919356,1.206164,-13.37255,-4.619322,2.028339,8.496528,,,,0.1436766
-3.283285,1.870215,10.6446,2.233185,1.206164,-13.37255,2.233185,1.918414,-1.582364,-2.138262,0.6093377,-0.8695346,0.006473657
1.929176,1.938395,12.93267,7.181679,0.9783309,-11.21571,7.079768,1.926847,-7.925895,-7.318567,1.168679,0.7407149,0.009313506
2.043605,2.006575,15.22074,4.757492,1.343539,-12.56844,2.043605,2.688312,2.534169,-4.600304,0.7448615,-0.9502642,0.009229554
-2.356539,1.136482,13.04371,2.333298,1.708746,-13.92118,-2.894937,1.051966,12.79147,,,,0.008302035
-2.356539,1.136482,13.04371,2.333298,1.708746,-13.92118,-2.894937,1.051966,12.79147,,,,0.1253315
-2.756539,1.136482,13.04371,2.333298,1.708746,-13.92118,-2.894937,1.051966,12.79147,6.413497,-0.5939842,-2.770058,0.0007908628
-1.630901,1.548955,13.97817,-4.959604,1.771353,-14.15308,-4.959604,2.648683,3.414629,7.036184,-0.6402202,-2.477694,0.009070748
-1.630901,1.548955,13.97817,-6.773575,1.493392,-12.17328,-7.083261,0.834777,-6.230119,6.493057,-0.4244794,-1.885641,0.00903327
-6.992465,1.548955,13.97817,-5.947626,1.526195,-10.19075,-6.992465,3.909579,-2.889152,6.906844,-0.6073502,-2.094499,0.008929729
-6.191475,1.548955,13.97817,-3.75352,1.709104,-12.04734,-6.191475,2.655337,4.653409,7.127242,-0.7014306,-2.466111,0.008746102
-5.650972,1.188093,10.65522,-2.046999,1.851367,-13.49135,-5.580894,1.34297,10.40298,,,,0.007840089
-5.650972,1.188093,10.65522,-2.046999,1.851367,-13.49135,-5.580894,1.34297,10.40298,,,,0.1325006
-5.076782,1.260521,11.04281,-3.87033,1.892014,-13.90392,-3.87033,1.941652,7.805357,7.124729,-0.6989546,-2.553233,0.008593984
-2.808277,1.586451,12.78696,3.827206,1.947903,-14.47121,3.827206,1.527913,-3.883963,-5.733143,0.9994094,0.0123028,0.008579795
3.652004,1.767522,13.75593,7.042798,1.278189,-11.60797,7.421453,2.885218,-8.332109,-7.326441,1.168424,0.7668298,0.008593008
3.450583,1.767522,13.75593,4.459054,1.542994,-12.85238,3.450583,4.468744,-1.578587,-6.3585,1.015033,0.006447589,0.008499804
-0.5202823,1.767522,13.75593,1.87531,1.807799,-14.09679,-0.5202823,0.9667673,5.174939,3.65657,-0.161509,-2.571396,0.0008367521
-1.952288,1.678074,8.79177,1.731769,1.82251,-14.16592,-2.49856,2.030404,8.539531,,,,0.0009421014
-1.952288,1.678074,8.79177,1.731769,1.82251,-14.16592,-2.49856,2.030404,8.539531,,,,0.1273305
-1.905294,1.749219,10.16377,0.8455834,1.82251,-14.16592,0.8455834,2.355611,2.71045,3.895174,-0.1353181,-2.356725,0.00206645
-1.066365,1.887556,12.83156,6.426372,1.435884,-12.21641,7.348085,0.800884,-8.623878,-7.25366,1.175959,0.7102295,0.008331521
6.616967,1.911271,13.28889,5.748545,1.407583,-11.7565,6.616967,4.149173,-5.725355,-7.189347,1.133967,0.6333416,0.00823516
3.150816,1.661028,7.726717,1.798746,1.845068,-14.15178,2.657986,2.044148,5.01924,-1.782595,0.3754142,-1.941297,0.003647521
2.635533,2.16238,5.990838,1.798746,1.845068,-14.15178,2.39293,2.438605,5.738599,,,,0.003647521
2.635533,2.16238,5.990838,1.798746,1.845068,-14.15178,2.39293,2.438605,5.738599,,,,0.1217485
1.696722,2.119483,8.37072,-2.881003,1.845068,-14.15178,-3.056801,1.243162,-2.986487,5.567698,-0.2238733,-1.905281,0.007645099
-3.911777,2.069666,11.13447,-5.730522,1.378863,-10.28232,-6.583271,2.729942,-6.304564,6.413893,-0.4360705,-1.712565,0.007909879
-5.353437,2.01985,13.89822,-3.582025,1.629213,-12.18381,-5.353437,3.017498,2.110747,7.047807,-0.6606857,-2.432688,0.007718786
-4.386665,1.445274,12.3419,-1.612569,1.858702,-13.92684,-4.157765,1.382753,10.2923,7.077006,-0.6923065,-2.619143,0.006537821
-4.200149,1.496909,11.21526,-1.612569,1.858702,-13.92684,-4.059744,1.642235,10.96302,,,,0.006537821
-4.200149,1.496909,11.21526,-1.612569,1.858702,-13.92684,-4.059744,1.642235,10.96302,,,,0.1175118
-2.106237,1.730898,12.97558,2.375251,1.858702,-13.92684,2.576344,2.011539,-0.8266853,-2.865646,0.6713363,-0.9705818,0.006494242
1.004129,1.815985,13.61569,7.375498,1.144681,-11.51915,8.03933,2.129339,-9.518771,-7.345442,1.177498,0.7948099,0.007618613
6.671241,1.815985,13.61569,4.885054,1.450053,-12.7619,6.671241,5.061137,-2.020833,-6.809747,1.069291,0.2476845,0.007565355
5.264064,1.815985,13.61569,2.323455,1.76415,-14.04016,5.264064,3.061829,5.691333,-3.787943,0.6071391,-1.455914,0.00672543
4.432109,1.132229,11.1023,1.825366,1.825225,-14.28871,4.322792,1.201476,10.85006,,,,0.006187638
4.432109,1.132229,11.1023,1.825366,1.825225,-14.28871,4.322792,1.201476,10.85006,,,,0.1106952
3.669003,1.260236,11.67726,2.587269,1.825225,-14.28871,2.413717,2.10371,8.011072,-1.291397,0.2692821,-2.215894,0.002942374
1.588765,1.66753,13.50667,-3.660611,1.825225,-14.28871,-3.660611,1.815635,-1.022074,6.397315,-0.413307,-2.240595,0.007280091
-0.5895414,1.702441,13.66348,-8.05346,1.414018,-9.339433,-7.924004,1.778327,-6.640861,6.44541,-0.4201892,-1.699894,0.007320655
-0.7215761,1.702441,13.66348,-5.742332,1.590967,-11.04877,-0.7215761,0.7390963,9.263392,6.959952,-0.6412436,-2.615005,0.007299311
0.6146278,1.124221,13.3376,-5.100352,1.640119,-11.52358,1.40503,0.2501,13.22146,,,,0.007205304
0.6146278,1.124221,13.3376,-5.100352,1.640119,-11.52358,1.40503,0.2501,13.22146,,,,0.108432
0.6146278,1.124221,13.3376,-5.100352,1.640119,-11.52358,1.40503,0.2501,13.22146,,,,-0.6679169
0.1808662,2,15,-0.1155232,2,-15,-0.1155232,1.218718,6.146013,5.340021,-0.3457963,-2.730761,0.005070516
0.1808662,2,15,-0.514509,2,-15,-0.514509,1.699142,-5.099733,1.23844,0.428575,-0.8691802,0.0006647337
-0.7687745,2,15,-0.7088469,1.19333,-13.33321,-0.7687745,2.190349,-9.849958,-1.142942,0.7364194,0.4556719,0.0001591544
-0.6977861,2,15,-0.7088469,1.19333,-13.33321,-0.6977861,3.288127,0.0594039,5.175041,-0.2087745,-2.174869,0.006331339
-0.6362469,1.899389,14.61286,-0.7088469,1.19333,-13.33321,-0.6287696,0.671899,9.693506,6.271808,-0.5133052,-2.787459,0.006381106
-0.6220395,1.42558,12.03124,-0.7088469,1.19333,-13.33321,-0.6138296,1.472032,11.779,,,,0.006381106
-0.6220395,1.42558,12.03124,-0.7088469,1.19333,-13.33321,-0.6138296,1.472032,11.779,,,,0.143738
-0.3881569,1.633976,13.10828,3.133294,1.19333,-13.33321,3.133294,2.266581,1.88462,-3.646397,0.6543749,-1.238642,0.008953017
0.01184309,1.633976,13.10828,7.564843,0.9502035,-10.56369,7.620041,1.133305,-10.05268,-7.3543,1.174318,0.8295882,0.009315782
3.435882,1.633976,13.10828,5.135011,1.306225,-12.0682,3.435882,2.377954,-2.24157,-6.65648,1.054437,0.1568581,0.009265121
0.2426093,1.308656,9.540606,2.772669,1.652357,-13.53091,-0.6320434,1.189851,5.352561,1.901445,-0.01653074,-2.425263,9.25691E-05
-0.8090705,1.433657,7.086224,2.3002,1.721583,-13.82346,-1.425594,1.60568,6.833986,,,,0.000147582
-0.8090705,1.433657,7.086224,2.3002,1.721583,-13.82346,-1.425594,1.60568,6.833986,,,,0.1379111
-0.9737097,1.598407,9.388361,2.004731,1.771031,-14.03242,2.004731,2.242767,-0.3707086,-2.282401,0.5779563,-1.098596,0.006121115
-0.6815377,1.802924,12.24618,5.556603,1.153214,-10.18654,6.263066,1.145084,-9.314468,-7.258932,1.173395,0.8199933,0.009008687
3.23108,2.00176,15.02461,4.285691,1.439736,-11.58273,3.23108,3.91088,-1.526595,-6.168828,1.00398,-0.03887233,0.008828264
-0.2233821,2.206278,17.88243,2.135616,1.749748,-13.47361,-0.2233821,1.971266,7.277678,3.786561,-0.1939936,-2.583476,0.0007138634
-2.31224,1.716032,14.0715,1.598096,1.827251,-13.94633,-2.790051,1.895369,13.81926,,,,0.001144775
-2.31224,1.716032,14.0715,1.598096,1.827251,-13.94633,-2.790051,1.895369,13.81926,,,,0.132559
-2.048393,1.79756,14.33807,-1.132054,1.827251,-13.94633,-1.132054,2.295931,10.0934,6.779398,-0.6128324,-2.727062,0.006610144
-1.827111,1.824735,14.42693,5.499934,1.827251,-13.94633,5.499934,0.7197369,-4.81003,-6.736191,1.110144,0.2810921,0.008738897
5.118237,1.824735,14.42693,6.062716,1.348688,-11.62954,5.118237,4.258764,-7.728853,-7.236844,1.146981,0.7333323,0.008580407
0.1063499,1.824735,14.42693,3.599907,1.631956,-13.09539,0.1063499,5.609421,-2.94022,-4.146582,0.8354201,-0.1301272,0.008317918
-4.905538,1.824735,14.42693,1.752801,1.844406,-14.19478,-4.905538,1.874576,1.848419,6.425567,-0.5144536,-2.417788,0.001245943
-8.473535,2.61068,6.240925,1.752801,1.844406,-14.19478,-9.238835,3.054913,5.988687,,,,0.001233484
-8.473535,2.61068,6.240925,1.752801,1.844406,-14.19478,-9.238835,3.054913,5.988687,,,,0.1272523
-8.706874,2.598669,6.413203,0.552801,1.844406,-14.19478,-8.074479,3.057945,4.965708,6.983632,-0.7117741,-2.372406,0.003053261
-6.706939,2.454533,8.480535,5.897812,1.844406,-14.19478,5.897812,0.3396904,-7.310033,-6.461123,1.040308,0.5519893,0.008405846
-4.706998,2.310398,10.54785,17.95741,1.684044,-11.69332,19.87009,2.21993,-19.58577,-7.427885,1.122104,0.9892517,0.008345139
-2.707057,2.166262,12.61517,32.33138,2.338469,-12.25911,33.84237,-0.7086481,-31.86148,-7.408669,1.099018,1.039213,0.008345139
-1.540425,2.082183,13.82111,46.30606,2.974715,-12.80919,47.42652,-8.431448,-43.7962,-7.391865,1.069367,1.105309,0.008345139
-1.540425,2.082183,13.82111,48.30244,3.065608,-12.88778,49.20641,-9.799999,-45.35997,,,,0.8261688
1.310798,2,15,0.2940361,2,-15,1.310798,1.58165,-4.539477,-2.79223,0.7994877,-0.4699921,0.003704207
2.491554,2,15,0.2940361,2,-15,2.491554,1.298848,7.027576,1.811812,0.02655665,-2.588642,0.0009355344
2.965329,1.040976,12.95579,0.2940361,2,-15,3.070952,0.7991716,12.70355,,,,0.0009261791
2.965329,1.040976,12.95579,0.2940361,2,-15,3.070952,0.7991716,12.70355,,,,0.1465766
1.988937,1.390914,13.70169,3.593707,2,-15,3.593707,2.115411,7.474592,-2.502674,0.3940851,-1.964107,0.008989942
1.607048,1.514421,13.96495,4.700717,2,-15,4.700717,1.159247,-3.598509,-6.655296,1.077283,0.1483536,0.009614024
4.048709,1.514421,13.96495,4.458855,1.430338,-11.09257,3.956144,2.589552,-6.455783,-7.047445,1.134038,0.6173978,0.009399761
0.6238194,1.514421,13.96495,2.333035,1.710643,-13.01524,0.6238194,1.990892,2.144452,-0.8340157,0.3808457,-1.720591,0.001230748
-1.614469,1.361507,9.182746,1.506328,1.819651,-13.76295,-2.005567,1.541604,8.930507,,,,0.0005749055
-1.614469,1.361507,9.182746,1.506328,1.819651,-13.76295,-2.005567,1.541604,8.930507,,,,0.1395419
-1.877916,1.411991,9.642701,-0.8936719,1.819651,-13.76295,-2.082546,1.995087,7.402741,6.788371,-0.6095876,-2.668833,0.006584015
-1.11201,1.714891,12.40243,-2.480269,1.819651,-13.76295,-2.544418,1.749442,-1.763856,6.224218,-0.3778281,-2.200455,0.008582
-3.388277,1.815858,13.32234,-2.624846,1.304862,-9.666164,-3.388277,1.969875,-6.532505,5.251352,-0.1265936,-1.216744,0.008474686
-5.519971,1.815858,13.32234,-1.416532,1.631288,-12.17083,-5.519971,1.945204,3.569043,7.013116,-0.6630889,-2.508481,0.007333799
-6.817505,1.031821,10.88349,-0.8986831,1.771185,-13.24426,-7.010282,0.9490147,10.63125,,,,0.006403781
-6.817505,1.031821,10.88349,-0.8986831,1.771185,-13.24426,-7.010282,0.9490147,10.63125,,,,0.1352141
-6.262467,1.13802,11.33502,-4.551926,1.771185,-13.24426,-4.551926,1.875109,7.253825,7.153987,-0.713601,-2.513847,0.008858922
-3.815073,1.485583,12.81279,3.493601,1.771185,-13.24426,3.493601,1.58626,-3.799552,-5.132038,0.9474489,-0.05790628,0.008667408
3.152495,1.736601,13.88006,6.795392,1.186965,-11.1521,6.603784,3.110748,-8.338231,-7.311606,1.16608,0.7747134,0.008765311
-2.645503,1.736601,13.88006,1.888897,1.810723,-14.10419,-2.645503,2.7074,2.89712,5.712805,-0.391145,-2.433421,0.001107423
-6.01221,2.149519,7.983334,1.752606,1.828049,-14.1862,-6.624982,2.571215,7.731094,,,,0.001233699
-6.01221,2.149519,7.983334,1.752606,1.828049,-14.1862,-6.624982,2.571215,7.731094,,,,0.1298454
-6.151979,2.143048,8.287041,-0.247394,1.828049,-14.1862,-4.862811,2.55665,5.694094,6.979939,-0.6746364,-2.521126,0.004801952
-4.330359,2.097744,10.41299,6.483117,1.639692,-13.41209,7.47238,0.4736735,-8.564916,-7.096725,1.145962,0.676141,0.008501428
-2.456699,2.051147,12.59968,19.6673,0.9296921,-11.49174,20.16001,1.718033,-23.23132,-7.443702,1.130162,1.020019,0.008514578
-1.467823,2.026554,13.75377,34.06427,0.6570445,-11.60277,32.84763,-2.123111,-37.89775,-7.4149,1.096935,1.11967,0.008514578
-1.467823,2.026554,13.75377,46.86164,0.4146911,-11.70146,44.11753,-9.800002,-50.92545,,,,0.8429433
-0.5642337,2,15,-0.6118386,2,-15,-0.5642337,1.738747,-13.53608,-3.240059,0.9138306,1.105544,0.002424234
0.007026248,2,15,-0.6118386,2,-15,0.007026248,1.958293,-1.969022,3.104406,0.1308654,-1.723479,0.004976918
0.5782862,2,15,-0.6118386,2,-15,0.5782862,0.5453798,9.598033,5.518012,-0.3969573,-2.845928,0.006291415
0.6856753,1.095182,13.13038,-0.6118386,2,-15,0.74028,0.8406386,12.87814,,,,0.006228501
0.6856753,1.095182,13.13038,-0.6118386,2,-15,0.74028,0.8406386,12.87814,,,,0.1466749
0.6650451,1.194462,13.33552,3.199841,2,-15,3.199841,2.325029,4.608828,-2.835851,0.490963,-1.703972,0.008913546
0.6650451,1.194462,13.33552,6.643227,2,-15,6.643227,0.282976,-6.968217,-7.176631,1.16001,0.5604823,0.00969023
4.503858,1.194462,13.33552,6.085277,1.366638,-12.065,4.503858,2.511924,-4.280606,-7.062733,1.112029,0.4752165,0.009488044
-0.4755328,1.194462,13.33552,3.538627,1.650347,-13.37972,-0.4755328,0.3368628,5.702894,1.052964,0.06679811,-2.340577,1.016382E-05
-1.598708,1.080015,9.407089,2.619001,1.752797,-13.85448,-2.197237,1.254134,9.15485,,,,1.831832E-05
-1.598708,1.080015,9.407089,2.619001,1.752797,-13.85448,-2.197237,1.254134,9.15485,,,,0.1406513
-1.520933,1.354953,11.07853,-0.1531347,1.823725,-14.18316,-0.1531347,2.392024,3.293904,5.641922,-0.3675482,-2.546717,0.004901669
-0.8911376,1.717371,13.28179,3.191758,1.823725,-14.18316,3.191758,0.1573707,-6.296738,-6.285097,1.091472,0.359471,0.008943385
5.225278,1.717371,13.28179,3.230378,1.419022,-11.287,5.225278,2.674394,-3.129194,-6.660411,1.075135,0.2405146,0.008781651
6.614173,1.717371,13.28179,1.496821,1.774549,-13.55918,6.614173,0.7447488,6.972569,-3.373257,0.5448307,-1.626937,0.006736875
6.943351,1.0487,10.58468,1.400513,1.794301,-13.68542,7.076123,1.03502,10.33244,,,,0.006497061
6.943351,1.0487,10.58468,1.400513,1.794301,-13.68542,7.076123,1.03502,10.33244,,,,0.1336684
5.533743,1.26002,11.56548,2.207978,1.794301,-13.68542,2.207978,2.483974,4.609215,-3.085648,0.5411291,-1.562353,0.007444536
3.119581,1.590781,13.10065,-5.411727,1.794301,-13.68542,-5.411727,0.5846149,-4.348877,6.156454,-0.3170353,-1.889801,0.008912403
-5.689866,1.811289,14.12409,-7.219644,1.41618,-9.822145,-5.741337,3.489572,-5.983635,6.624663,-0.4895427,-1.813641,0.008768671
0.8536906,1.811289,14.12409,-4.99476,1.60665,-11.5114,0.8536906,3.821029,-0.6554245,6.074049,-0.3284384,-2.176542,0.008714258
6.776306,1.593898,12.54168,-2.706307,1.802563,-13.24893,7.637147,0.8106189,4.825021,-1.555184,0.439223,-1.865879,5.023873E-05
9.414701,1.996692,7.383827,-1.689217,1.889636,-14.02116,10.5309,2.378325,7.162925,,,,0.0001375133
9.414701,1.996692,7.383827,-1.689217,1.889636,-14.02116,10.5309,2.378325,7.162925,,,,0.1291623
8.570765,1.997128,8.390125,3.767591,1.889636,-14.02116,3.767591,2.239365,1.299575,-5.818692,0.8825033,-0.4597291,0.008398301
6.331683,1.997914,10.20146,-6.006646,1.282583,-9.997134,-8.40636,1.308437,-9.254453,4.584811,-0.02517562,-0.6697764,0.008490496
4.154798,1.998677,11.96248,-19.96358,2.038442,-9.923987,-20.24215,1.160373,-19.5153,5.427739,-0.2509116,-0.6610032,0.008514578
1.915723,1.999463,13.77382,-34.34064,2.843088,-10.03392,-32.4161,-4.006793,-30.06932,5.787888,-0.3699607,-0.6702993,0.008514578
1.666937,1.99955,13.97508,-43.52603,3.357167,-10.10415,-40.0033,-9.799999,-36.64693,,,,0.8429433
-0.5926466,2,15,-0.2003335,2,-15,-0.2003335,0.6128436,10.32301,6.008843,-0.4763557,-2.833603,0.005414101
-0.5926466,2,15,0.8558941,2,-15,0.8558941,2.081831,-0.922742,0.6558403,0.3593295,-1.533178,3.507195E-05
-0.5926466,2,15,1.815629,1.343972,-13.54259,1.9423,0.7474018,-12.4898,-6.221978,1.118453,1.059921,0.008396206
2.044958,2,15,1.388835,1.379011,-13.71967,2.044958,3.144548,-3.695362,-4.59479,0.928678,-0.2443952,0.0075401
2.116962,2,15,1.388835,1.379011,-13.71967,2.116962,0.783816,6.324322,0.5176261,0.14888,-2.389608,1.296576E-05
2.140384,1.353234,10.87821,1.388835,1.379011,-13.71967,2.147874,1.417455,10.62597,,,,1.283611E-05
2.140384,1.353234,10.87821,1.388835,1.379011,-13.71967,2.147874,1.417455,10.62597,,,,0.1435438
1.454071,1.562882,12.21428,2.025144,1.379011,-13.71967,2.025144,2.376237,4.987734,-0.6646411,0.275848,-2.136618,0.0005819132
0.9063321,1.728394,13.26906,1.792607,1.379011,-13.71967,1.792607,0.3081193,-5.69525,-5.463197,1.023753,0.1699548,0.008082078
0.5420182,1.728394,13.26906,1.155691,1.382815,-11.33757,0.5420182,4.472235,-5.13174,-3.106228,0.8239733,0.07099742,0.005923038
-1.239791,1.728394,13.26906,0.5742348,1.686888,-13.14196,-1.239791,5.479403,1.296672,5.360713,-0.2853514,-2.187247,0.00321857
-3.072508,1.728394,13.26906,0.5742348,1.686888,-13.14196,-3.072508,1.500476,7.908756,6.75446,-0.6125377,-2.681084,0.003322926
-3.603972,1.161296,10.61101,0.5742348,1.686888,-13.14196,-3.751596,1.310899,10.35878,,,,0.003289697
-3.603972,1.161296,10.61101,0.5742348,1.686888,-13.14196,-3.751596,1.310899,10.35878,,,,0.1380375
-2.646672,1.418429,11.95662,0.2720285,1.686888,-13.14196,0.2720285,2.360415,3.295996,5.531263,-0.3589254,-2.535903,0.003826785
-1.340854,1.722314,13.54688,6.503971,1.58766,-12.75471,6.856139,0.4573962,-8.261282,-7.208019,1.172412,0.6651093,0.009030158
7.131415,1.722314,13.54688,5.757912,1.301402,-11.67914,7.131415,4.848719,-4.471933,-7.124661,1.119852,0.5661339,0.008924882
6.025744,1.722314,13.54688,3.32487,1.618637,-13.18715,6.025744,5.262626,2.962155,-5.460014,0.8574095,-0.638298,0.008624156
4.920074,1.722314,13.54688,1.770427,1.821314,-14.15061,4.920074,0.5910302,10.39625,-1.245784,0.2558017,-2.291149,0.001832129
4.804203,0.9864101,11.91951,1.770427,1.821314,-14.15061,4.731036,0.9597339,11.66727,,,,0.001813807
4.804203,0.9864101,11.91951,1.770427,1.821314,-14.15061,4.731036,0.9597339,11.66727,,,,0.1323824
2.874438,1.378115,13.10998,0.9074057,1.821314,-14.15061,0.9074057,2.400937,3.653234,0.6099362,0.210986,-2.151521,2.554222E-05
1.614603,1.643914,13.91779,-3.619822,1.672151,-13.36495,-4.00869,0.4701197,-6.650517,4.984495,-0.03545099,-1.333858,0.008438838
-4.313603,1.643914,13.91779,-3.705798,1.439837,-11.2648,-4.313603,2.642064,-3.389994,6.587192,-0.4784439,-2.069234,0.008390334
-2.876684,1.643914,13.91779,-1.809,1.761247,-13.408,-2.876684,0.160584,5.021137,6.839661,-0.596975,-2.630283,0.007374318
-2.463234,1.325896,8.632963,-1.492866,1.814816,-13.76519,-2.302749,1.451368,8.380724,,,,0.006933034
-2.463234,1.325896,8.632963,-1.492866,1.814816,-13.76519,-2.302749,1.451368,8.380724,,,,0.1273546
-1.728242,1.483119,10.11797,0.9429076,1.814816,-13.76519,0.9429076,2.365927,2.499279,3.410378,-0.0767297,-2.285038,0.001680187
-0.6941319,1.76612,12.79098,6.622807,1.814816,-13.76519,6.78509,0.2984634,-8.087323,-7.221672,1.171563,0.6520121,0.008333944
6.591521,1.805425,13.16223,6.005488,1.312652,-11.82454,6.591521,4.536782,-6.368713,-7.229734,1.139418,0.6806417,0.008241164
4.60491,1.805425,13.16223,3.582988,1.609701,-13.19687,4.60491,4.803147,-0.9956427,-6.230803,0.99475,-0.1083094,0.008032229
2.618299,1.805425,13.16223,1.783421,1.830365,-14.21631,2.561539,0.4269094,4.530943,-1.804521,0.4015794,-1.95081,0.003692465
1.910549,2.134633,7.165395,1.783421,1.830365,-14.21631,1.680752,2.473025,6.913156,,,,0.003692465
1.910549,2.134633,7.165395,1.783421,1.830365,-14.21631,1.680752,2.473025,6.913156,,,,0.1217648
-0.9804884,2.059852,11.51722,-6.120232,1.325984,-9.973945,-6.693525,1.963949,-8.819288,5.650342,-0.2061278,-1.157019,0.007917866
-5.427976,2.013113,14.23711,-4.025007,1.572865,-11.81491,-5.427976,4.4577,-2.76411,6.772736,-0.553831,-2.133582,0.007794659
-4.126267,1.96504,17.03471,-1.869927,1.826799,-13.70847,-4.126267,2.00783,3.464074,6.907825,-0.613911,-2.540663,0.006863362
-3.083289,2.407495,9.522283,-1.630473,1.855014,-13.91887,-2.912811,2.690424,9.270043,,,,0.006554995
-3.083289,2.407495,9.522283,-1.630473,1.855014,-13.91887,-2.912811,2.690424,9.270043,,,,0.1174808
-2.834493,2.397144,9.66142,-2.030473,1.855014,-13.91887,-2.409783,2.696369,8.367618,6.99816,-0.6627076,-2.618567,0.006865383
-1.463936,2.216007,12.09632,6.393204,1.855014,-13.91887,6.393204,0.2596312,-7.424829,-7.147222,1.161027,0.5988385,0.007765081
7.735151,2.029694,14.60079,5.784119,1.418923,-12.34263,7.735151,2.728297,-2.311199,-6.922014,1.087266,0.3420802,0.007599727
6.755686,1.843382,17.10526,3.213559,1.696349,-13.61134,6.755686,0.4612235,9.474039,-3.095262,0.4851495,-1.724408,0.007099934
6.535547,1.183326,13.71369,2.285301,1.796531,-14.06949,6.424294,1.199718,13.46145,,,,0.006360622
6.535547,1.183326,13.71369,2.285301,1.796531,-14.06949,6.424294,1.199718,13.46145,,,,0.1118721
4.632344,1.407245,14.06637,1.700161,1.973776,-14.88006,1.700161,2.490675,6.35875,-0.7870269,0.284214,-2.147236,0.0004797993
1.905469,1.74799,14.60307,-5.48874,1.981482,-14.9153,-5.48874,0.4723155,-4.449693,6.311282,-0.3578148,-1.996026,0.007440181
-5.294532,1.74799,14.60307,-6.974191,1.4887,-10.72015,-6.710653,3.408303,-5.584756,6.691987,-0.5129986,-1.913085,0.007316069
-2.116305,1.74799,14.60307,-4.565696,1.676017,-12.28811,-2.116305,3.447964,2.72694,6.940749,-0.6041102,-2.470758,0.007246624
1.686969,1.284804,12.28845,-2.224103,1.858131,-13.81251,2.350428,1.194486,10.80776,5.581606,-0.4180896,-2.868115,0.006507912
2.138974,1.294803,11.56193,-2.023395,1.873741,-13.94317,2.627875,1.437269,11.30969,,,,0.00636318
2.138974,1.294803,11.56193,-2.023395,1.873741,-13.94317,2.627875,1.437269,11.30969,,,,0.1085003
1.289966,1.706587,13.56951,5.130265,1.894554,-14.11739,5.130265,2.091475,0.105821,-6.148159,0.9615181,-0.3166806,0.007133831
2.889966,1.706587,13.56951,7.24578,1.133786,-11.01205,7.201474,1.621145,-9.608657,-7.356709,1.174761,0.8218266,0.00702942
4.399007,1.706587,13.56951,4.830988,1.434619,-12.39707,4.399007,4.070352,-0.9210415,-6.492334,1.020549,0.01296321,0.006977615
1.516477,1.706587,13.56951,2.347197,1.744048,-13.82165,1.516477,1.574666,8.014791,1.007704,0.04857981,-2.547345,1.588079E-05
0.5613493,0.9916699,11.89533,1.726248,1.821405,-14.1778,0.3460546,0.9211763,11.6431,,,,2.919705E-05
0.5613493,0.9916699,11.89533,1.726248,1.821405,-14.1778,0.3460546,0.9211763,11.6431,,,,0.1041357
0.1155641,1.405692,13.17012,1.318874,1.821405,-14.1778,1.318874,2.294919,5.451118,2.545505,-0.04556751,-2.534796,0.0006073922
0.1155641,1.405692,13.17012,2.986564,1.821405,-14.1778,2.986564,0.6238822,-5.163701,-6.153401,1.063775,0.2113335,0.006553813
2.744244,1.405692,13.17012,2.87009,1.453957,-10.78915,2.744244,3.553686,-6.146256,-6.611673,1.103816,0.5458149,0.006388245
0.8807395,1.405692,13.17012,1.25728,1.760797,-13.1554,0.8807395,3.857298,-1.158069,-1.444659,0.5705729,-1.032636,0.001321467
-0.7063146,1.258444,11.17635,1.078079,1.794891,-13.41832,-0.9827649,1.06154,3.830119,4.69891,-0.2620902,-2.533533,0.001543272
-1.468167,2.120087,5.967329,1.078079,1.794891,-13.41832,-1.686958,2.433285,5.71509,,,,0.001543272
-1.468167,2.120087,5.967329,1.078079,1.794891,-13.41832,-1.686958,2.433285,5.71509,,,,0.1000274
-1.417453,2.098042,7.625428,3.101064,1.794891,-13.41832,3.101064,1.712878,-1.760936,-4.847363,0.8390012,-0.3590114,0.006306337
3.444557,2.060251,10.46787,7.18211,1.173876,-11.02822,7.845084,2.508769,-7.79248,-7.356789,1.164897,0.7805984,0.006486055
5.402256,2.02246,13.31031,4.710529,1.47494,-12.47563,5.402256,4.094648,0.5242739,-6.322768,0.9848993,-0.1497134,0.006431673
2.959433,1.984668,16.15274,2.238949,1.776004,-13.92304,2.959433,0.5950242,8.841027,-0.2755864,0.17917,-2.36947,0.0001416771
2.29185,1.535386,12.24839,1.758363,1.834544,-14.20449,2.032702,1.705487,11.99615,,,,8.746844E-05
2.29185,1.535386,12.24839,1.758363,1.834544,-14.20449,2.032702,1.705487,11.99615,,,,0.09601702
1.067999,1.730956,13.40663,0.8848453,1.834544,-14.20449,0.8848453,2.3993,4.877895,2.80104,-0.04735279,-2.512465,0.0009938738
1.067999,1.730956,13.40663,-0.8338276,1.635655,-13.02143,-1.082911,0.761771,-7.324826,-0.3599245,0.636979,-0.09149077,8.663611E-06
0.3296642,1.730956,13.40663,-0.9406931,1.607037,-12.25571,0.3296642,4.042209,-5.313058,0.9219638,0.478775,-0.5429502,0.000283801
2.605181,1.730956,13.40663,-0.7049555,1.738946,-13.17693,2.605181,3.110623,0.3630894,-0.2368409,0.4229985,-1.63808,6.405018E-06
4.452833,1.626502,7.86483,-0.7049555,1.738946,-13.17693,4.945715,2.042069,6.201413,-0.47142,0.2627696,-2.237906,1.402402E-05
4.846271,1.989039,6.903699,-0.7049555,1.738946,-13.17693,5.126135,2.277531,6.65146,,,,1.402402E-05
4.846271,1.989039,6.903699,-0.7049555,1.738946,-13.17693,5.126135,2.277531,6.65146,,,,0.09216087
3.770242,1.992108,9.168905,0.1989342,1.738946,-13.17693,0.1989342,1.338148,-2.842037,-2.151608,0.6488569,-0.7768288,0.00135083
-2.287124,1.995455,11.64004,-2.325125,1.33021,-10.30929,-2.287124,2.170698,-5.413056,5.10473,-0.09705967,-1.313746,0.005413631
-0.4734616,1.998059,13.56203,-1.271179,1.696899,-12.87731,-0.4734616,1.131192,3.628918,6.014919,-0.412841,-2.608929,0.004642237
0.3897015,1.291259,9.290387,-1.06039,1.770237,-13.39091,0.6115353,1.313008,9.038147,,,,0.004365391
0.3897015,1.291259,9.290387,-1.06039,1.770237,-13.39091,0.6115353,1.313008,9.038147,,,,0.08868559
0.5304404,1.438745,10.47853,2.232224,1.770237,-13.39091,2.232224,2.238071,4.688033,-0.8072902,0.2801463,-2.088489,0.0006482795
0.3520319,1.763213,13.09243,6.121878,1.770237,-13.39091,6.121878,0.855991,-5.752242,-7.10114,1.147301,0.4953388,0.005857369
6.47132,1.763213,13.09243,6.350869,1.282554,-11.07051,6.407575,2.884346,-5.293962,-7.201223,1.132088,0.6317428,0.005743422
4.112754,1.763213,13.09243,3.959626,1.570847,-12.64948,4.112754,2.111464,3.070812,-5.148974,0.793336,-0.8715274,0.005637005
2.652899,1.191062,9.45219,2.166187,1.787066,-13.83372,2.431258,1.278959,9.199951,,,,0.005066459
2.652899,1.191062,9.45219,2.166187,1.787066,-13.83372,2.431258,1.278959,9.199951,,,,0.07512997
2.123302,1.284966,10.0962,1.149255,1.859139,-14.22846,1.149255,2.086143,7.237349,2.323073,-0.06547242,-2.656025,0.0004696718
0.8914768,1.660582,12.67221,-3.97876,1.867147,-14.27232,-3.97876,2.136443,-0.6130564,6.604905,-0.4781317,-2.299298,0.005533551
0.6519549,1.733619,13.17311,-8.59274,1.527662,-8.441323,-8.927538,1.684139,-8.189083,6.160927,-0.3481699,-1.428891,0.005525783
-0.8850961,1.733619,13.17311,-6.34671,1.657155,-10.23937,-0.8850961,1.877574,0.7702503,6.804247,-0.53407,-2.343544,0.005517019
5.174281,1.288697,8.599051,-4.350235,1.77226,-11.83764,6.702967,1.555506,8.452187,,,,0.00540079
5.174281,1.288697,8.599051,-4.350235,1.77226,-11.83764,6.702967,1.555506,8.452187,,,,0.0817432
5.373858,1.316249,8.846988,-2.500676,1.786648,-12.03742,6.72284,1.851199,7.269403,0.3979636,0.1893006,-2.346541,0.0002280818
3.620165,1.557326,11.01643,6.896726,1.912543,-13.78553,6.896726,1.760381,-3.079955,-7.061201,1.103257,0.3582634,0.005411317
5.816372,1.805291,13.24786,6.337206,1.284867,-11.27264,6.998837,2.084587,-8.285572,-7.313588,1.163173,0.7790117,0.005299595
6.910585,2.053256,15.47928,3.867085,1.563894,-12.72696,6.910585,2.055507,0.1055108,-6.208114,0.990491,-0.1682075,0.005197235
6.829049,1.576963,9.892982,1.671429,1.811918,-14.01968,6.822334,1.65947,8.496594,-3.280378,0.5004829,-1.733923,0.004005282
6.824073,1.645423,9.171488,1.671429,1.811918,-14.01968,6.817889,1.742366,8.919249,,,,0.004005282
6.824073,1.645423,9.171488,1.671429,1.811918,-14.01968,6.817889,1.742366,8.919249,,,,0.0779281
4.812006,1.749648,10.88472,-0.964436,1.811918,-14.01968,-0.964436,2.176606,0.3282261,2.611618,0.1088643,-1.935488,0.002610698
2.623775,1.863348,12.7537,-8.051646,1.350649,-9.244036,-9.454247,1.488238,-9.043797,5.767336,-0.2491953,-1.209533,0.005149661
-0.09749794,2,15,-2.011521,2,-15,-2.011521,3.629236,9.747274,6.841909,-0.6145526,-2.694606,0.00444521
-0.09749794,2,15,-6.129569,2,-15,-6.129569,2.644094,-0.4782607,6.895688,-0.5733445,-2.32339,0.004987359
-0.09749794,2,15,-8.217589,2,-15,-8.217589,0.4238429,-5.663036,6.664657,-0.4812147,-2.058112,0.004997001
-0.09749794,2,15,-10.24761,2,-15,-10.24761,-6.610306,-10.7038,6.200625,-0.3313459,-1.671806,0.004998192
-0.09749794,2,15,-10.82761,2,-15,-10.88304,-9.8,-12.28164,,,,-0.3049982
1.267837,2,15,0.04232055,2,-15,1.267837,1.13436,-6.46732,-3.443042,0.8949881,-0.0484975,0.003993565
3.032582,2,15,0.04232055,2,-15,3.032582,1.699142,5.099733,0.4856159,0.2016729,-2.314747,4.562129E-05
4.034347,1.042384,12.95834,0.04232055,2,-15,4.193061,0.7997895,12.7061,,,,4.516508E-05
4.034347,1.042384,12.95834,0.04232055,2,-15,4.193061,0.7997895,12.7061,,,,0.1463994
3.355088,1.241291,13.38241,3.722257,2,-15,3.722257,1.860516,9.126917,-2.403426,0.3597518,-2.044448,0.00900769
1.748972,1.622529,14.19522,2.349078,2,-15,2.349078,1.726813,-1.312378,-4.688171,0.855453,-0.6295154,0.008753602
1.470829,1.622529,14.19522,1.07855,1.387434,-10.60598,1.470829,2.514128,-8.477335,-5.566049,1.063772,0.7163014,0.00699913
2.709288,1.622529,14.19522,0.3644907,1.738363,-13.12324,2.709288,5.497158,-1.573342,-2.836665,0.7262297,-0.7824852,0.003791892
3.913346,1.622529,14.19522,0.3644907,1.738363,-13.12324,3.913346,3.521756,5.138872,-0.9613792,0.3509519,-1.999108,0.0002766162
4.784665,1.295908,10.85064,0.3644907,1.738363,-13.12324,4.892687,1.502265,10.5984,,,,0.00027385
4.784665,1.295908,10.85064,0.3644907,1.738363,-13.12324,4.892687,1.502265,10.5984,,,,0.1402502
4.472207,1.357785,11.21529,3.164491,1.738363,-13.12324,3.929678,2.012683,8.589609,-2.651175,0.3968563,-1.944959,0.008425204
2.309744,1.676006,13.09062,-1.022934,1.738363,-13.12324,-1.022934,1.600514,-1.741332,3.182731,0.1156563,-1.698808,0.00572572
-2.871146,1.79092,13.76782,-3.73709,1.291662,-9.830534,-4.171138,2.016659,-5.42873,6.036713,-0.303623,-1.6488,0.008915567
-3.354387,1.79092,13.76782,-2.228469,1.611884,-12.16754,-3.354387,1.281508,5.43743,6.971836,-0.6418837,-2.589703,0.00823645
-3.019005,1.009909,11.19468,-1.452608,1.776569,-13.36942,-2.940605,0.9158182,10.94245,,,,0.007310804
-3.019005,1.009909,11.19468,-1.452608,1.776569,-13.36942,-2.940605,0.9158182,10.94245,,,,0.1352533
-2.063647,1.297511,12.30005,-0.09455429,1.913807,-14.371,-0.09455429,2.199647,5.353765,6.06957,-0.4609196,-2.684195,0.004616003
-1.13797,1.60109,13.46682,5.597548,1.913807,-14.371,5.597548,0.9531786,-5.823604,-6.941836,1.136662,0.4329993,0.008919868
6.062031,1.60109,13.46682,6.536461,1.298425,-11.58131,6.534967,3.916287,-7.783044,-7.296658,1.15328,0.7632263,0.008762388
3.033936,1.60109,13.46682,3.995907,1.571109,-12.91007,3.033936,5.505406,-2.78296,-6.336681,1.027281,0.1342522,0.008612847
-0.4670914,1.60109,13.46682,1.73763,1.813495,-14.09119,-0.4670914,2.009022,2.217125,2.578166,0.03060729,-2.158003,0.0005395836
-2.763747,2.275487,6.392815,1.73763,1.813495,-14.09119,-3.214267,2.681004,6.140575,,,,0.0005341877
-2.763747,2.275487,6.392815,1.73763,1.813495,-14.09119,-3.214267,2.681004,6.140575,,,,0.1296242
-2.992621,2.258429,6.925754,-1.06237,1.813495,-14.09119,-1.570549,2.633144,3.813182,6.557337,-0.544857,-2.50666,0.006358727
-2.136994,2.173139,9.590461,5.616381,1.532038,-12.52441,6.648034,0.7860088,-7.823783,-7.146796,1.155763,0.686114,0.008483376
4.1605,2.085411,12.33131,5.4966,1.474944,-11.5689,4.1605,2.573564,-0.3711299,-6.536373,1.013537,-0.009049099,0.008394306
-0.3972656,1.493616,12.949,3.11622,1.720171,-13.17143,-0.9663366,0.7406273,11.76734,4.37657,-0.3497082,-2.844777,0.0002997246
-0.6694101,1.19484,12.52113,2.983977,1.733795,-13.26046,-1.17817,0.8791125,12.26889,,,,0.0003403731
-0.6694101,1.19484,12.52113,2.983977,1.733795,-13.26046,-1.17817,0.8791125,12.26889,,,,0.1248873
-0.850498,1.458146,13.33177,3.0341,1.795101,-13.66109,3.0341,2.275245,1.673297,-3.349069,0.6307156,-1.266537,0.007668376
-0.850498,1.458146,13.33177,7.002696,1.16347,-10.59983,7.629304,1.059807,-9.885533,-7.319367,1.17542,0.8113596,0.00817157
4.828505,1.458146,13.33177,5.254226,1.414065,-11.8824,4.828505,5.441321,-4.53446,-7.022574,1.107253,0.5032465,0.008054663
1.849837,1.458146,13.33177,2.843358,1.705074,-13.43075,1.849837,4.878289,1.215623,-3.659451,0.6922712,-0.9934785,0.007478452
-0.7353272,1.282922,12.14508,1.77186,1.834411,-14.11891,-0.9902663,0.7428554,6.698225,4.710004,-0.312889,-2.71933,0.001045895
-1.474771,1.720629,8.49409,1.77186,1.834411,-14.11891,-1.789896,2.089663,8.241851,,,,0.001045895
-1.474771,1.720629,8.49409,1.77186,1.834411,-14.11891,-1.789896,2.089663,8.241851,,,,0.1199317
-1.330466,1.807661,10.52085,2.93388,1.834411,-14.11891,2.93388,2.006032,-0.4903669,-4.090412,0.753611,-0.7784402,0.007438007
1.705668,1.928167,13.32714,7.446589,1.24824,-10.90277,7.478854,2.10269,-9.052063,-7.347908,1.17253,0.7974975,0.007773639
2.688004,2.045326,16.05547,5.036253,1.505385,-12.30427,2.688004,4.556385,-1.12917,-6.075706,0.9859422,-0.08961002,0.007726371
-2.239732,2.165833,18.86172,2.557051,1.769876,-13.74581,-2.239732,2.065315,7.020092,5.390008,-0.3873689,-2.593969,0.0005275385
-5.503792,1.92664,13.881,1.799517,1.850693,-14.18628,-6.235898,2.221284,13.62876,,,,0.001034498
-5.503792,1.92664,13.881,1.799517,1.850693,-14.18628,-6.235898,2.221284,13.62876,,,,0.1151641
-5.433457,1.932909,13.97663,-0.6004827,1.850693,-14.18628,-4.484468,2.374747,10.75872,7.074101,-0.6991459,-2.620583,0.004902266
-2.611443,1.970524,14.55039,1.980357,1.850693,-14.18628,5.775123,6.949748,0.3669456,-2.972408,0.6536804,-0.9836447,0.005989119
8.494062,1.979928,14.69383,1.980357,1.850693,-14.18628,15.99181,17.73933,0.9108523,-5.845475,0.9313657,0.05376571,0.006665538
22.49405,1.979928,14.69383,1.980357,1.850693,-14.18628,26.50037,23.8223,1.470301,-6.153409,0.9235277,0.4027731,0.006674448
36.89406,1.979928,14.69383,1.980357,1.850693,-14.18628,37.00893,24.81977,2.029749,-6.273326,0.9307423,0.6691664,0.006677228
47.22559,1.979928,14.69383,1.980357,1.850693,-14.18628,47.22559,20.91397,2.573653,-6.35669,0.9625862,0.8408049,0.00667897
57.73415,1.979928,14.69383,1.980357,1.850693,-14.18628,57.73415,11.88169,3.133098,-6.376582,0.9871206,0.8588189,0.006679364
68.24276,1.979928,14.69383,1.980357,1.850693,-14.18628,68.24276,-2.236085,3.692542,-6.308011,0.9622663,0.8492615,0.00667797
72.62138,1.979928,14.69383,1.980357,1.850693,-14.18628,72.72205,-9.8,3.931004,,,,-0.306678
-0.03911257,2,15,-0.3229313,2,-15,-0.03911257,0.5458057,-8.395164,-2.082894,0.804907,0.182692,0.001317807
0.4986491,2,15,-0.3229313,2,-15,0.4986491,1.958171,3.17189,4.374866,-0.1691866,-2.503519,0.005317763
0.8993344,1.093192,13.13053,-0.3229313,2,-15,0.9499071,0.8406722,12.87829,,,,0.005264585
0.8993344,1.093192,13.13053,-0.3229313,2,-15,0.9499071,0.8406722,12.87829,,,,0.1465318
0.8227969,1.221359,13.39476,1.411637,2,-15,1.411637,1.33997,11.28313,3.763897,-0.2547017,-2.884335,0.001462415
0.8227969,1.221359,13.39476,4.736089,2,-15,4.736089,2.039,-0.202051,-6.002842,0.9466925,-0.3599316,0.009615671
1.622797,1.221359,13.39476,7.555357,1.287449,-10.79709,7.567069,1.495083,-9.957014,-7.365306,1.175597,0.8348293,0.009504883
5.05738,1.221359,13.39476,5.081167,1.533835,-12.25037,5.05738,2.744828,-0.8293293,-6.594731,1.03131,0.04663714,0.009450058
2.942225,0.9999769,10.61246,2.606977,1.780221,-13.70366,2.547685,1.060323,8.298357,-1.132376,0.2358591,-2.29129,0.002908482
2.585845,1.15348,9.380374,2.332067,1.807597,-13.86513,2.319534,1.339109,9.128135,,,,0.002386615
2.585845,1.15348,9.380374,2.332067,1.807597,-13.86513,2.319534,1.339109,9.128135,,,,0.140611
1.29243,1.489721,11.61251,-0.7716681,1.848661,-14.10735,-0.7716681,2.295316,0.9958115,4.712372,-0.1697593,-2.267216,0.006117504
0.5966493,1.717497,13.1246,-3.708679,1.296211,-10.57635,-4.361451,1.111526,-8.448178,4.376868,0.0770538,-0.7500016,0.008966
3.227305,1.717497,13.1246,-1.221033,1.81098,-13.47133,3.227305,0.8496308,8.223919,3.01168,-0.1012817,-2.743381,0.00582344
4.119906,1.059916,11.09142,-1.221033,1.81098,-13.47133,4.46429,1.032623,10.83918,,,,0.005765206
4.119906,1.059916,11.09142,-1.221033,1.81098,-13.47133,4.46429,1.032623,10.83918,,,,0.1353125
3.090095,1.373482,12.39513,5.198532,1.81098,-13.47133,5.198532,2.344147,3.769793,-5.497712,0.811078,-0.8103217,0.008901316
1.544124,1.726242,13.86181,6.2693,1.81098,-13.47133,6.299894,0.3132869,-6.834291,-7.1829,1.159763,0.5783731,0.008846918
5.125999,1.726242,13.86181,4.96851,1.34744,-11.11849,5.125999,3.10044,-2.421141,-6.801293,1.075482,0.2751324,0.008713671
3.162586,1.726242,13.86181,2.793093,1.639707,-12.85691,3.162586,1.564246,7.208853,-1.914047,0.3525598,-2.033306,0.006404339
2.41274,1.033208,11.91854,1.736462,1.781666,-13.70129,2.253779,0.9606479,11.6663,,,,0.004207134
2.41274,1.033208,11.91854,1.736462,1.781666,-13.70129,2.253779,0.9606479,11.6663,,,,0.1294672
1.344057,1.397735,13.0804,0.02872742,1.86517,-14.19798,0.02872742,2.301244,6.355021,4.923331,-0.306639,-2.722179,0.004021509
1.056777,1.512849,13.4473,-4.187158,1.86517,-14.19798,-4.187158,0.9565618,-3.708449,6.178608,-0.3290732,-2.007717,0.008468178
-4.943223,1.512849,13.4473,-5.402278,1.423607,-10.30487,-5.764192,3.212279,-5.770109,6.493609,-0.4531619,-1.795948,0.008390813
-4.200037,1.512849,13.4473,-3.367855,1.658025,-12.21436,-4.200037,3.69982,1.688417,6.987941,-0.6344385,-2.423083,0.008145078
-2.771129,1.171744,11.88542,-1.565942,1.865652,-13.90562,-2.591185,0.8093702,9.360044,6.942982,-0.64601,-2.677508,0.006886958
-2.578203,1.096762,10.41273,-1.565942,1.865652,-13.90562,-2.423319,1.26432,10.16049,,,,0.006886958
-2.578203,1.096762,10.41273,-1.565942,1.865652,-13.90562,-2.423319,1.26432,10.16049,,,,0.1248374
-1.187121,1.529849,12.61225,2.663023,1.865652,-13.90562,2.663023,2.225884,0.0407989,-3.419999,0.6908607,-1.011618,0.007451975
-0.43944,1.651654,13.23087,7.777749,1.051149,-10.83138,8.226214,1.093612,-10.18723,-7.355404,1.175119,0.8200061,0.008093859
3.675728,1.651654,13.23087,5.253898,1.359045,-12.18407,3.675728,1.983132,3.268721,-5.438903,0.8194332,-0.7563447,0.008052561
0.9003453,1.042063,12.58797,3.501225,1.572862,-13.12344,0.6094745,0.4867549,12.33573,,,,0.007767414
0.9003453,1.042063,12.58797,3.501225,1.572862,-13.12344,0.6094745,0.4867549,12.33573,,,,0.0995282
0.3734929,1.29314,13.22016,-0.5323914,1.649836,-13.46161,-0.5323914,1.723617,9.704582,6.167475,-0.5050745,-2.801994,0.00494571
0.3734929,1.29314,13.22016,-4.269408,1.649836,-13.46161,-4.269408,2.451827,1.093578,6.822021,-0.5548019,-2.390321,0.007824992
0.3734929,1.29314,13.22016,-7.167282,1.297382,-9.127233,-7.902618,1.399015,-7.278229,6.150049,-0.3338569,-1.508102,0.007850544
-4.539297,1.29314,13.22016,-6.134837,1.567645,-9.934946,-4.539297,1.871384,2.787149,7.103512,-0.6761107,-2.381353,0.007761209
-2.178248,0.9191279,11.08532,-4.638176,1.680479,-11.25679,-1.801369,0.8638555,10.83308,,,,0.007625797
-2.178248,0.9191279,11.08532,-4.638176,1.680479,-11.25679,-1.801369,0.8638555,10.83308,,,,0.1150644
-1.385424,1.125524,11.83285,-0.2827897,1.730127,-11.8384,-0.2827897,1.829762,7.470767,6.287554,-0.5239711,-2.733822,0.004298481
-0.6291612,1.50079,13.19199,4.549055,1.888095,-13.68897,4.549055,1.744282,-3.227493,-6.451685,1.058433,0.09849472,0.007541878
3.370839,1.50079,13.19199,7.131855,1.261171,-11.51658,7.548388,2.613467,-8.64622,-7.343195,1.171219,0.7862982,0.007465701
5.873574,1.50079,13.19199,4.586082,1.540576,-12.83391,5.873574,4.639938,-0.5383062,-6.537841,1.02182,0.01804644,0.007394808
4.19876,1.50079,13.19199,2.040303,1.819981,-14.15124,4.19876,1.580907,7.569609,-2.141305,0.3801024,-2.02254,0.004769646
3.656006,1.046575,11.08045,1.828155,1.843264,-14.26102,3.525644,1.142888,10.82821,,,,0.004350154
3.656006,1.046575,11.08045,1.828155,1.843264,-14.26102,3.525644,1.142888,10.82821,,,,0.1102223
2.451159,1.326784,12.2324,0.6038866,1.843264,-14.26102,0.6038866,2.381863,5.377756,2.698487,-0.04729456,-2.540484,0.001350425
1.269224,1.635013,13.49953,-4.655276,1.843264,-14.26102,-4.655276,0.6566259,-4.43307,6.162426,-0.3181412,-1.94743,0.007251998
-5.096512,1.635013,13.49953,-5.827826,1.387436,-10.44753,-5.096512,3.52219,-5.727654,6.519495,-0.4552198,-1.81041,0.007155798
-0.9092887,1.635013,13.49953,-3.690478,1.628647,-12.24016,-0.9092887,4.119692,1.166773,6.636645,-0.501671,-2.391931,0.006999369
3.166824,1.536356,13.11199,-1.675271,1.856074,-13.93035,3.397569,0.3999889,8.258186,3.28166,-0.1255429,-2.7694,0.005420485
4.233775,1.396756,9.90832,-1.675271,1.856074,-13.93035,4.474283,1.567979,9.335357,,,,0.005420485
4.233775,1.396756,9.90832,-1.675271,1.856074,-13.93035,4.474283,1.567979,9.335357,,,,0.1063187
2.858458,1.592717,11.56232,5.455122,1.856074,-13.93035,5.455122,2.266878,1.246681,-6.201979,0.9406884,-0.3474731,0.007003683
1.228455,1.824967,13.52262,6.51795,1.267227,-10.78917,6.72658,1.062325,-9.238641,-7.312898,1.175783,0.792352,0.006953769
6.404315,1.824967,13.52262,4.623181,1.449961,-11.6699,6.404315,4.293212,-2.379539,-6.834664,1.078691,0.3004258,0.00682643
5.990782,1.824967,13.52262,2.323736,1.73255,-13.38078,5.990782,2.629923,5.479365,-4.154378,0.6568565,-1.310527,0.006147266
5.752521,1.226125,10.91127,1.621127,1.818897,-13.90355,5.71823,1.306446,10.65903,,,,0.005480519
5.752521,1.226125,10.91127,1.621127,1.818897,-13.90355,5.71823,1.306446,10.65903,,,,0.09904205
4.94041,1.330764,11.46413,3.340852,1.818897,-13.90355,3.340852,2.237664,7.602476,-3.103839,0.4651558,-1.778699,0.006347268
2.671766,1.635961,13.07661,-3.593171,1.818897,-13.90355,-3.593171,1.726226,-1.312497,6.173262,-0.3529511,-2.151565,0.006571171
-1.230146,1.7842,13.85982,-8.155755,1.381565,-9.272393,-8.350679,2.210244,-7.037007,6.442601,-0.4260295,-1.670894,0.006620879
-3.278053,1.7842,13.85982,-5.843785,1.565921,-10.97977,-3.278053,2.890191,1.501552,7.015716,-0.6279427,-2.378211,0.006603444
0.8810524,1.301523,11.16549,-3.596035,1.745156,-12.63972,1.653661,1.226548,9.802931,6.417708,-0.5316744,-2.772686,0.006377604
1.346086,1.296062,10.52702,-3.467592,1.755398,-12.73458,1.933977,1.406451,10.27478,,,,0.006353831
1.346086,1.296062,10.52702,-3.467592,1.755398,-12.73458,1.933977,1.406451,10.27478,,,,0.09810576
0.9710122,1.701386,13.10256,4.917189,1.929512,-14.3471,4.917189,2.073951,-0.7120327,-6.234422,0.9846167,-0.2193937,0.006442561
2.12542,1.725229,13.25406,7.541056,1.264177,-11.52407,7.665026,1.493397,-10.44617,-7.375437,1.178344,0.8402205,0.006358452
6.571045,1.725229,13.25406,4.959441,1.528557,-12.77297,6.571045,2.104254,-1.7872,-6.775527,1.063883,0.1866409,0.00631682
6.37095,1.725229,13.25406,5.520076,1.785593,-13.98718,5.520076,3.615915,-4.852552,-7.060088,1.109691,0.4612428,0.006336171
6.37095,1.725229,13.25406,4.426095,2.049972,-15.23609,4.426095,1.60333,-10.83001,-7.222508,1.154156,0.8037457,0.0062859
6.37095,1.725229,13.25406,4.0505,2.130754,-15.6177,4.091823,0.2793056,-12.65645,,,,0.3778944
0.00667727,2,15,-0.4549941,2,-15,-0.4549941,1.13436,6.46732,5.798836,-0.4104963,-2.744032,0.005957148
0.00667727,2,15,-1.101333,2,-15,-1.101333,1.752124,-4.778426,3.113134,0.204737,-1.241297,0.006174835
-2.191484,2,15,-1.114813,1.323445,-13.55806,-2.191484,2.409026,-9.916199,1.459882,0.4625379,0.05661383,0.001735632
-4.268826,2,15,-1.114813,1.323445,-13.55806,-4.268826,4.359076,-0.7986481,6.606606,-0.5161098,-2.264665,0.007272339
-6.346169,2,15,-1.114813,1.323445,-13.55806,-6.346169,1.223622,8.318901,7.090853,-0.6989638,-2.584873,0.007285517
-6.989813,1.287622,12.19901,-1.114813,1.323445,-13.55806,-7.172744,1.337322,11.94677,,,,0.007212662
-6.989813,1.287622,12.19901,-1.114813,1.323445,-13.55806,-7.172744,1.337322,11.94677,,,,0.143658
-5.694158,1.438314,12.79151,-2.339339,1.323445,-13.55806,-2.339339,2.35617,4.906673,6.998284,-0.6511334,-2.583167,0.008664026
-3.032699,1.709561,13.85801,6.36079,1.323445,-13.55806,6.36079,0.2347047,-7.765507,-7.055773,1.158413,0.5799013,0.009493298
6.681593,1.792442,14.18388,5.883264,1.228074,-11.99242,6.681593,2.188392,-4.12781,-7.07148,1.114643,0.4846518,0.009294454
0.3046852,2,15,1.017173,2,-15,1.017173,2.013214,1.326408,0.9172255,0.255483,-1.933838,6.02659E-05
0.3046852,2,15,1.642771,2,-15,1.642771,0.3177726,-10.24065,-5.937748,1.098372,0.7688084,0.007608197
-0.3491511,2,15,1.274178,1.363302,-13.68439,-0.3491511,2.303545,-3.574316,-0.8311538,0.5892924,-0.7137242,0.0004354957

